INSERT INTO "user"
("id", "login"  , "password", "role") VALUES
(  1 , 'root'   , 'root'    ,    1  ),
(  2 , 'user1'  , 'user'    ,    2  ),
(  3 , 'user2'  , 'user'    ,    2  ),
(  4 , 'user3'  , 'user'    ,    2  ),
(  5 , 'reader1', '12345'   ,    3  ),
(  6 , 'reader2', '12345'   ,    3  ),
(  7 , 'reader3', '12345'   ,    3  ),
(  8 , 'reader4', '12345'   ,    3  );
SELECT setval('user_id_seq', 8);

INSERT INTO "librarian"
("id", "surname"  , "name"   ) VALUES
(  1 , 'Smith'    , 'John'   ),
(  2 , 'Ромашкина', 'Вера'   ),
(  3 , 'Ландышева', 'Надежда'),
(  4 , 'Лютикова' , 'Любовь' );

INSERT INTO "reader"
("id", "surname" , "name"   , "address"                         ) VALUES
(  5 , 'Иванов'  , 'Иван'   , 'ул. Карла Маркса, 12'            ),
(  6 , 'Петров'  , 'Пётр'   , 'пр-т Ленина, 23, 45'             ),
(  7 , 'Сидоров' , 'Сидор'  , 'переул. Энгельса, 67 корп. 2, 89'),
(  8 , 'Васильев', 'Василий', 'ул. Сталина, 123а, 45'           );

INSERT INTO "phone"
("number"             , "reader_id") VALUES
('+375 (29) 123-45-67',      5     ),
('+375 (33) 890-12-34',      6     ),
('+375 (25) 567-89-01',      6     ),
('+375 (29) 234-56-78',      7     );

INSERT INTO "author"
("id", "surname"   , "name"     , "birth_year", "death_year") VALUES
(  1 , 'Пушкин'    , 'Александр',     1799    ,     1837    ),
(  2 , 'Лукьяненко', 'Сергей'   ,     1968    ,     NULL    ),
(  3 , 'Перумов'   , 'Ник'      ,     1963    ,     NULL    ),
(  4 , 'Логинов'   , 'Сергей'   ,     1951    ,     NULL    );
SELECT setval('author_id_seq', 4);

INSERT INTO "cover_type"
("id", "name"            ) VALUES
(  1 , 'твёрдый переплёт'),
(  2 , 'мягкий переплёт' );
SELECT setval('cover_type_id_seq', 2);

INSERT INTO "book"
("id", "title"                , "year", "cover_type_id") VALUES
(  1 , 'Капитанская дочка'    , 1850  , 1              ),
(  2 , 'Евгений Онегин'       , 1990  , 2              ),
(  3 , 'Осенние визиты'       , 2000  , 1              ),
(  4 , 'Спектр'               , 2010  , 2              ),
(  5 , 'Не время для драконов', 2015  , 1              ),
(  6 , 'Гибель Богов'         , 1995  , 2              ),
(  7 , 'Чёрная кровь'         , 2015  , 1              ),
(  8 , 'Чёрный смерч'         , 2000  , 1              ),
(  9 , 'Слово о полку Игореве', 1970  , 1              );
SELECT setval('book_id_seq', 9);

INSERT INTO "author_vs_book"
("author_id", "book_id") VALUES
(     1     ,     1    ),
(     1     ,     2    ),
(     2     ,     3    ),
(     2     ,     4    ),
(     2     ,     5    ),
(     3     ,     5    ),
(     3     ,     6    ),
(     3     ,     7    ),
(     4     ,     7    ),
(     4     ,     8    );

INSERT INTO "book_copy"
("id", "book_id") VALUES
(  1 ,     1    ),
(  2 ,     1    ),
(  3 ,     1    ),
(  4 ,     1    ),
(  5 ,     1    ),
(  6 ,     2    ),
(  7 ,     2    ),
(  8 ,     2    ),
(  9 ,     2    ),
( 10 ,     2    ),
( 11 ,     3    ),
( 12 ,     3    ),
( 13 ,     3    ),
( 14 ,     3    ),
( 15 ,     3    ),
( 16 ,     4    ),
( 17 ,     4    ),
( 18 ,     4    ),
( 19 ,     4    ),
( 20 ,     4    ),
( 21 ,     5    ),
( 22 ,     5    ),
( 23 ,     5    ),
( 24 ,     5    ),
( 25 ,     5    ),
( 26 ,     6    ),
( 27 ,     6    ),
( 28 ,     6    ),
( 29 ,     6    ),
( 30 ,     6    ),
( 31 ,     7    ),
( 32 ,     7    ),
( 33 ,     7    ),
( 34 ,     7    ),
( 35 ,     7    ),
( 36 ,     8    ),
( 37 ,     8    ),
( 38 ,     8    ),
( 39 ,     8    ),
( 40 ,     8    );
SELECT setval('book_copy_id_seq', 40);
